tip	date	distance	residual
EPI-ISL-418216_Africa_Senegal_S_19B_A.2_2020-03-13	2020.1967213114754	2.207673153183943E-4	-4.1785429528372526E-5
EPI-ISL-420077_Africa_Senegal_S_19B_A_2020-03-20	2020.2158469945355	8.144588468160571E-5	-1.9311924756128197E-4
ABBOTT-SN-IR1-0013954_Africa_Senegal_S_19B_A.27_2020-12-17	2020.9590163934427	8.247603846816057E-4	8.342819933827047E-5
ABBOTT-SN-IR1-0014258_Africa_Senegal_S_19B_A.27_2020-12-19	2020.964480874317	8.584486846816056E-4	1.1368438865372787E-4
ABBOTT-SN-IR1-0014313_Africa_Senegal_S_19B_A.27_2020-12-19	2020.964480874317	7.578539846816056E-4	1.3089688653727884E-5
EPI-ISL-480789_Africa_Senegal_S_19B_A.11_2020-04-01	2020.2486338797814	1.1676288468160571E-4	-1.7839491166853712E-4
ABBOTT-SN-IR1-0017934_Africa_Senegal_S_19B_A.23.1_2021-01-14	2021.035616438356	8.984350846816057E-4	1.0899222997521544E-4
ABBOTT-SN-IR1-0015705_Africa_Senegal_S_19B_A.21_2020-12-31	2020.9972677595629	9.669847846816057E-4	2.0162782454625073E-4
ABBOTT-SN-IR4-000972_Africa_Senegal_S_19B_A.21_2021-01-03	2021.0054794520547	6.212054846816056E-4	-1.4930904452335194E-4
ABBOTT-SN-CHRT-0126_Africa_Senegal_S_19A_A_2020-07-01	2020.4972677595629	2.8951551531839425E-4	-1.618033171793215E-4
ABBOTT-SN-TH-TIV-1181_Africa_Senegal_O_19A_A_2020-08-07	2020.5983606557377	2.893461153183942E-4	-2.254667648438023E-4
EPI-ISL-1167135_Africa_Senegal_L_19A_B.1_2020-12-28	2020.9890710382513	2.563311153183943E-4	-5.038776787899248E-4
EPI-ISL-1167146_Africa_Senegal_L_19A_B.1_2020-12-31	2020.9972677595629	3.246929153183943E-4	-4.4066404481696064E-4
EPI-ISL-1167140_Africa_Senegal_O_20B_B.1.1_2021-01-14	2021.035616438356	6.623834153183944E-4	-1.2705943938799594E-4
EPI-ISL-1167174_Africa_Senegal_O_20B_B.1.1.420_2021-01-25	2021.0657534246575	0.0010656872153183942	2.573160351105712E-4
ABBOTT-SN-MBO-20-1633_Africa_Senegal_O_20B_B.1.1.420_2021-01-03	2021.0054794520547	0.001284198515318394	5.136839861134364E-4
ABBOTT-SN-MBO-20-1679_Africa_Senegal_GR_20B_B.1.1.420_2021-01-02	2021.0027397260274	8.970599153183945E-4	1.2826614297710263E-4
ABBOTT-SN-DKi16_Africa_Senegal_GR_20B_B.1.1.420_2021-01-02	2021.0027397260274	8.983074153183945E-4	1.295136429771026E-4
ABBOTT-SN-TH-TIV-2145_Africa_Senegal_GR_20B_B.1.1.420_2021-01-04	2021.0082191780823	8.642352153183944E-4	9.19999292495491E-5
ABBOTT-SN-IR2-008235_Africa_Senegal_GR_20B_B.1.1.420_2020-12-19	2020.964480874317	9.321491153183944E-4	1.873848192905167E-4
ABBOTT-SN-CHRT-0507_Africa_Senegal_GR_20B_B.1.1_2020-12-26	2020.983606557377	9.032168153183944E-4	1.464401318946178E-4
ABBOTT-SN-IR5-2005_Africa_Senegal_GR_20B_B.1.1.420_2020-12-27	2020.9863387978141	8.695640153183944E-4	1.1107127655234658E-4
ABBOTT-SN-IR1-0013512_Africa_Senegal_GR_20B_B.1.1.420_2020-12-16	2020.9562841530055	8.756002153183945E-4	1.3598408531733058E-4
ABBOTT-SN-IR6-002329_Africa_Senegal_GR_20B_B.1.1.420_2020-12-31	2020.9972677595629	8.756002153183945E-4	1.1024325518303962E-4
ABBOTT-SN-IR6-002169_Africa_Senegal_GR_20B_B.1.1.420_2020-12-23	2020.9754098360656	8.747388153183944E-4	1.2311029792143162E-4
ABBOTT-SN-IR6-002377_Africa_Senegal_GR_20B_B.1.1.420_2021-01-02	2021.0027397260274	9.062211153183945E-4	1.3742734297710263E-4
ABBOTT-SN-IR5-002099_Africa_Senegal_GR_20B_B.1.1.420_2020-12-31	2020.9972677595629	9.053559153183944E-4	1.3999895518303945E-4
ABBOTT-SN-IR1-0016290_Africa_Senegal_GR_20B_B.1.1.420_2021-01-02	2021.0027397260274	9.408750153183945E-4	1.7208124297710267E-4
ABBOTT-SN-IR1-0018310_Africa_Senegal_GR_20B_B.1.1.420_2021-01-16	2021.041095890411	9.739797153183947E-4	1.8109534688422896E-4
ABBOTT-SN-TH-TIV-2172_Africa_Senegal_GR_20B_B.1.1.420_2021-01-15	2021.0383561643835	9.403012153183947E-4	1.4913760374811664E-4
ABBOTT-SN-IR6-002324_Africa_Senegal_GR_20B_B.1.1.420_2020-12-31	2020.9972677595629	8.721424153183944E-4	1.0678545518303946E-4
ABBOTT-SN-IRDS-000079_Africa_Senegal_GR_20B_B.1.1.420_2020-12-28	2020.9890710382513	8.372420153183944E-4	7.703322121007533E-5
ABBOTT-SN-THI-KHO-494_Africa_Senegal_GR_20B_B.1.1.420_2021-01-14	2021.035616438356	9.052532153183945E-4	1.1581036061200417E-4
ABBOTT-SN-TH-TIV-2144_Africa_Senegal_GR_20B_B.1.1.420_2021-01-04	2021.0082191780823	9.052598153183946E-4	1.3302452924954928E-4
ABBOTT-SN-IR1-0016098_Africa_Senegal_GR_20B_B.1.1.420_2021-01-01	2021.0	9.040767153183944E-4	1.370036998409903E-4
ABBOTT-SN-IR5-002227_Africa_Senegal_G_20A_B.1_2021-01-03	2021.0054794520547	8.040521153183945E-4	3.3537586113436906E-5
ABBOTT-SN-IR5-001989_Africa_Senegal_GR_20B_B.1.1.420_2020-12-25	2020.98087431694	9.414245153183946E-4	1.8636388723688925E-4
ABBOTT-SN-THI-SJD-20-157_Africa_Senegal_GR_20B_B.1.1.420_2021-01-08	2021.0191780821917	9.712004153183946E-4	1.9208210179444244E-4
ABBOTT-SN-THI-20-2118_Africa_Senegal_GR_20B_B.1.1.420_2020-12-28	2020.9890710382513	8.355183153183945E-4	7.530952121007539E-5
ABBOTT-SN-IR6-002375_Africa_Senegal_GR_20B_B.1.1.420_2021-01-02	2021.0027397260274	8.023293153183944E-4	3.3535542977102526E-5
ABBOTT-SN-IR2-009130_Africa_Senegal_GR_20B_B.1.1.420_2020-12-31	2020.9972677595629	9.018045153183944E-4	1.3644755518303945E-4
ABBOTT-SN-THI-21-023_Africa_Senegal_GR_20B_B.1.1.420_2021-01-14	2021.035616438356	9.014832153183945E-4	1.1204036061200422E-4
ABBOTT-SN-TH-POP-AIBD-5887_Africa_Senegal_GR_20B_B.1.1.420_2021-01-16	2021.041095890411	9.334613153183946E-4	1.405769468842288E-4
ABBOTT-SN-TH-TIV-2111_Africa_Senegal_GR_20B_B.1.1.420_2020-12-28	2020.9890710382513	0.0011393593153183942	3.7915052121007507E-4
ABBOTT-SN-MBO-20-1744_Africa_Senegal_GR_20B_B.1.1.420_2021-01-14	2021.035616438356	8.994530153183944E-4	1.1001016061200407E-4
ABBOTT-SN-IR5-002006_Africa_Senegal_GR_20B_B.1.1.420_2020-12-27	2020.9863387978141	9.343545153183945E-4	1.7586177655234665E-4
ABBOTT-SN-IR6-002313_Africa_Senegal_GR_20B_B.1.1.420_2020-12-31	2020.9972677595629	9.675904153183945E-4	2.022334551830396E-4
ABBOTT-SN-IR6-002436_Africa_Senegal_O_20A_B.1_2021-01-04	2021.0082191780823	0.0013434365153183938	5.712012292495485E-4
ABBOTT-SN-IR1-0015742_Africa_Senegal_GR_20B_B.1.1.417_2020-12-31	2020.9972677595629	8.318691153183943E-4	6.65121551830394E-5
ABBOTT-SN-IR1-0015781_Africa_Senegal_GR_20B_B.1.1.420_2020-12-31	2020.9972677595629	9.340501153183946E-4	1.6869315518303963E-4
ABBOTT-SN-IR5-001991_Africa_Senegal_GR_20B_B.1.1.420_2020-12-25	2020.98087431694	8.667650153183945E-4	1.1170438723688916E-4
ABBOTT-SN-IR1-0016346_Africa_Senegal_GR_20B_B.1.1.420_2021-01-03	2021.0054794520547	8.667605153183945E-4	9.62459861134369E-5
ABBOTT-SN-THI-POP-5840_Africa_Senegal_GR_20B_B.1.1.420_2021-01-04	2021.0082191780823	8.003752153183944E-4	2.8139929249549104E-5
ABBOTT-SN-MBO-20-1661_Africa_Senegal_GR_20B_B.1.1.420_2020-12-29	2020.9918032786886	9.010685153183945E-4	1.391436658675821E-4
ABBOTT-SN-MBO-20-1739_Africa_Senegal_GR_20B_B.1.1.420_2021-01-30	2021.0794520547945	0.001392806515318394	5.758315507915764E-4
ABBOTT-SN-THI-JOA-255_Africa_Senegal_GR_20B_B.1.1.420_2020-12-24	2020.9781420765028	8.993717153183944E-4	1.4602714257916035E-4
ABBOTT-SN-IR1-0017780_Africa_Senegal_GR_20B_B.1.1.420_2021-01-14	2021.035616438356	7.518938153183945E-4	-3.75490393879958E-5
ABBOTT-SN-IR5-002069_Africa_Senegal_O_20B_B.1.1.420_2020-12-30	2020.9945355191257	8.318939153183943E-4	6.825301052531066E-5
ABBOTT-SN-TH-THD-0209_Africa_Senegal_GR_20B_B.1.1.420_2021-01-15	2021.0383561643835	7.654701153183943E-4	-2.5693496251883688E-5
ABBOTT-SN-IRLPC-000147_Africa_Senegal_GR_20B_B.1.1.420_2021-01-15	2021.0383561643835	8.812628153183943E-4	9.009920374811631E-5
ABBOTT-SN-THI-21-049_Africa_Senegal_GR_20B_B.1.1_2021-01-15	2021.0383561643835	0.0010007388153183943	2.095752037481163E-4
EPI-ISL-1167136_Africa_Senegal_O_20B_B.1.1_2021-01-18	2021.0465753424658	6.975433153183943E-4	-9.878256684310279E-5
EPI-ISL-1167164_Africa_Senegal_O_20B_B.1.1_2021-01-28	2021.0739726027398	7.996084153183944E-4	-1.3925035480869788E-5
EPI-ISL-1167133_Africa_Senegal_O_20B_B.1.1.420_2021-01-29	2021.0767123287671	7.661669153183945E-4	-4.9087292344535366E-5
EPI-ISL-1167161_Africa_Senegal_O_20A_B.1_2021-01-27	2021.0712328767124	5.955727153183943E-4	-2.1623997861720421E-4
EPI-ISL-1167134_Africa_Senegal_O_20A_B.1_2021-02-05	2021.0958904109589	5.267161153183941E-4	-3.0058339039086166E-4
EPI-ISL-1167131_Africa_Senegal_O_20A_B.1_2021-01-29	2021.0767123287671	4.603665153183942E-4	-3.5488769234453567E-4
EPI-ISL-1167168_Africa_Senegal_L_19A_B_2021-01-29	2021.0767123287671	2.8947701531839424E-4	-5.257771923445356E-4
EPI-ISL-1167152_Africa_Senegal_O_20A_B.1_2021-01-17	2021.0438356164384	4.2691851531839417E-4	-3.676866099794373E-4
EPI-ISL-1167155_Africa_Senegal_L_19A_B.1_2021-01-18	2021.0465753424658	2.5833071531839434E-4	-5.379951668431028E-4
EPI-ISL-1167167_Africa_Senegal_L_19A_B.1_2021-01-29	2021.0767123287671	3.9295521531839414E-4	-4.2229899234453574E-4
EPI-ISL-1167169_Africa_Senegal_L_19A_B.1_2021-01-29	2021.0767123287671	2.9128171531839426E-4	-5.239724923445356E-4
EPI-ISL-1167184_Africa_Senegal_L_19A_B_2021-01-28	2021.0739726027398	1.890918153183943E-4	-6.244416354808699E-4
EPI-ISL-1167150_Africa_Senegal_L_19A_B_2021-01-14	2021.035616438356	1.542051153183943E-4	-6.35237739387996E-4
EPI-ISL-1167153_Africa_Senegal_L_19A_B_2021-01-18	2021.0465753424658	1.8737991531839432E-4	-6.089459668431028E-4
EPI-ISL-1167182_Africa_Senegal_L_19A_B_2021-02-03	2021.0904109589042	1.2105411531839429E-4	-7.028038766635302E-4
EPI-ISL-420069_Africa_Senegal_L_19A_B.3_2020-03-17	2020.207650273224	1.5681111531839432E-4	-1.126058508976796E-4
EPI-ISL-1167154_Africa_Senegal_L_19A_B_2021-01-18	2021.0465753424658	1.227708153183943E-4	-6.735550668431028E-4
Wuhan-Hu-1_Asia_China_L_19A_B_2019-12-26	2019.9835616438356	9.04616153183943E-5	-3.8210603701737406E-5
EPI-ISL-418207_Africa_Senegal_GH_20C_B.1.356_2020-03-02	2020.1666666666667	3.3135441531839427E-4	8.767827923661131E-5
EPI-ISL-418209_Africa_Senegal_GH_20C_B.1.356_2020-03-03	2020.1693989071039	3.645397153183942E-4	1.1914752389433997E-4
EPI-ISL-486870_Africa_Senegal_GH_20C_B.1.356_2020-04-23	2020.308743169399	3.645417153183942E-4	3.16307014380616E-5
EPI-ISL-482877_Africa_Senegal_GH_20C_B.1.356_2020-06-17	2020.4590163934427	4.97797915318394E-4	7.050385761247591E-5
EPI-ISL-485716_Africa_Senegal_GH_20C_B.1_2020-06-12	2020.4453551912568	5.991403153183943E-4	1.8042653432405454E-4
EPI-ISL-476562_Africa_Senegal_GH_20C_B.1_2020-06-13	2020.448087431694	3.632870153183942E-4	-5.7142821018216835E-5
ABBOTT-SN-THI-20-2089_Africa_Senegal_G_20G_B.1.2_2020-12-23	2020.9754098360656	5.17397715318394E-4	-2.342308020785688E-4
ABBOTT-SN-THI-20-2103_Africa_Senegal_G_20A_B.1.596_2020-12-23	2020.9754098360656	6.371448153183943E-4	-1.1448370207856854E-4
ABBOTT-SN-THI-21-033_Africa_Senegal_GH_20C_B.1.2_2021-01-14	2021.035616438356	5.37417915318394E-4	-2.520249393879963E-4
ABBOTT-SN-TH-TIV-2120_Africa_Senegal_G_20A_B.1.2_2020-12-31	2020.9972677595629	3.634201153183942E-4	-4.019368448169607E-4
ABBOTT-SN-IR2-008858_Africa_Senegal_GH_20C_B.1_2020-12-29	2020.9918032786886	0.0010036309153183946	2.4170606586758217E-4
ABBOTT-SN-IR1-0018256_Africa_Senegal_GH_20A.EU2_B.1.160_2021-01-16	2021.041095890411	9.705290153183946E-4	1.7764464688422882E-4
EPI-ISL-420073_Africa_Senegal_GH_20A_B.1_2020-03-19	2020.2131147540983	3.275142153183943E-4	5.4665138417777856E-5
EPI-ISL-420076_Africa_Senegal_GH_20A_B.1_2020-03-20	2020.2158469945355	2.9432921531839427E-4	1.9764083075506566E-5
EPI-ISL-486865_Africa_Senegal_GH_20A_B.1_2020-04-02	2020.2513661202186	3.943287153183942E-4	9.74548636259801E-5
ABBOTT-SN-IR1-0015624_Africa_Senegal_GH_20A_B.1_2020-12-30	2020.9945355191257	9.007793153183945E-4	1.3713841052531088E-4
ABBOTT-SN-IR6-002291_Africa_Senegal_GH_20A_B.1_2020-12-30	2020.9945355191257	9.349155153183945E-4	1.7127461052531088E-4
ABBOTT-SN-MBO-20-1634_Africa_Senegal_GH_20A_B.1.416_2020-12-27	2020.9863387978141	9.012591153183947E-4	1.4276637655234682E-4
ABBOTT-SN-THI-21-018_Africa_Senegal_GH_20A_B.1_2021-01-13	2021.0328767123287	5.923391153183944E-4	-1.9538298252433025E-4
EPI-ISL-486872_Africa_Senegal_GR_20B_B.1.1_2020-04-11	2020.275956284153	3.310724153183943E-4	1.875406554531679E-5
EPI-ISL-486862_Africa_Senegal_GR_20B_B.1.1_2020-04-25	2020.3142076502731	4.660811153183941E-4	1.2973799075351893E-4
EPI-ISL-485710_Africa_Senegal_GR_20B_B.1.1_2020-06-15	2020.4535519125684	3.6514451531839416E-4	-5.871743170298143E-5
ABBOTT-SN-MBO-20-1318_Africa_Senegal_GV_20B_B.1.1_2020-08-04	2020.5901639344263	4.653521153183941E-4	-4.4312598816988636E-5
EPI-ISL-498238_Africa_Senegal_GR_20B_B.1.1_2020-05-27	2020.4016393442623	3.972455153183942E-4	5.988619800394613E-6
ABBOTT-THI-KHO-0362_Africa_Senegal_GR_20B_B.1.1_2020-07-24	2020.5601092896175	8.689866153183945E-4	3.781985099482177E-4
EPI-ISL-486866_Africa_Senegal_GR_20B_B.1.1_2020-04-22	2020.3060109289618	5.651120153183941E-4	2.3391705678033276E-4
EPI-ISL-486861_Africa_Senegal_GR_20B_B.1.1_2020-04-25	2020.3142076502731	3.642875153183942E-4	2.7944390753519076E-5
EPI-ISL-476569_Africa_Senegal_GR_20B_B.1.1_2020-06-13	2020.448087431694	3.966382153183942E-4	-2.3791621018216835E-5
EPI-ISL-482874_Africa_Senegal_GR_20B_B.1.1_2020-06-13	2020.448087431694	5.310446153183942E-4	1.1061477898178314E-4
EPI-ISL-476493_Africa_Senegal_GR_20B_B.1.1_2020-06-10	2020.4398907103825	3.319299153183943E-4	-8.3351754991625E-5
ABBOTT-SN-CHRT-0170_Africa_Senegal_GR_20B_B.1.1_2020-07-20	2020.549180327869	5.683653153183942E-4	8.444143131708035E-5
ABBOTT-SN-CTE-GUEREO-0503_Africa_Senegal_GR_20B_B.1.1_2020-07-06	2020.5109289617487	5.683653153183942E-4	1.0846620610910004E-4
ABBOTT-SN-THI-20-1438_Africa_Senegal_GR_20B_B.1.1_2020-07-22	2020.5546448087432	5.335755153183942E-4	4.62195206327599E-5
ABBOTT-SN-TH-TIV-1147_Africa_Senegal_GR_20B_B.1.1_2020-08-05	2020.5928961748634	6.359461153183942E-4	1.2456534584074025E-4
ABBOTT-SN-TH-TIV-1166_Africa_Senegal_GR_20B_B.1.1_2020-08-07	2020.5983606557377	4.6621401531839413E-4	-4.859886484380238E-5
ABBOTT-SN-THI-20-1315_Africa_Senegal_GR_20B_B.1.1_2020-07-03	2020.5027322404371	3.757666153183942E-4	-7.898432786386408E-5
ABBOTT-SN-THI-20-1562_Africa_Senegal_GR_20B_B.1.1_2020-08-06	2020.5956284153006	4.647151153183941E-4	-4.838170950153116E-5
ABBOTT-SN-TH-TIV-1173_Africa_Senegal_GR_20B_B.1.1_2020-08-07	2020.5983606557377	4.985878153183942E-4	-1.622506484380234E-5
ABBOTT-SN-IR1-0016400_Africa_Senegal_GR_20B_B.1.1_2021-01-03	2021.0054794520547	7.009073153183945E-4	-6.960721388656304E-5
ABBOTT-SN-IR1-0016423_Africa_Senegal_GRY_20I.501Y.V1_B.1.1.7_2021-01-03	2021.0054794520547	0.0011773332153183938	4.0681868611343623E-4
ABBOTT-SN-IR8-000056_Africa_Senegal_GRY_20I.501Y.V1_B.1.1.7_2021-01-16	2021.041095890411	0.0012783851153183934	4.855007468842277E-4
ABBOTT-SN-TH-TIV-2174_Africa_Senegal_GRY_20I.501Y.V1_B.1.1.7_2021-01-15	2021.0383561643835	0.0013121278153183935	5.209642037481154E-4
ABBOTT-SN-IR2-0010667_Africa_Senegal_GRY_20I.501Y.V1_B.1.1.7_2021-01-16	2021.041095890411	0.0011765042153183936	3.8361984688422787E-4
ABBOTT-SN-THI-20-2088_Africa_Senegal_GRY_20I.501Y.V1_B.1.1.7_2020-12-21	2020.9699453551912	0.0015831662153183935	8.349698086059733E-4
ABBOTT-SN-THI-21-027_Africa_Senegal_GRY_20I.501Y.V1_B.1.1.7_2021-01-14	2021.035616438356	0.0011768381153183937	3.8739526061200335E-4
ABBOTT-SN-IR2-008544_Africa_Senegal_GR_20D_C.36_2020-12-23	2020.9754098360656	0.0010047625153183945	2.531339979214317E-4
ABBOTT-SN-THI-20-2106_Africa_Senegal_GR_20B_B.1.1.28_2020-12-24	2020.9781420765028	7.673911153183946E-4	1.4046542579160509E-5
ABBOTT-SN-IR1-0017956_Africa_Senegal_G_20A_B.1_2021-01-14	2021.035616438356	2.5182831531839434E-4	-5.376145393879959E-4
EPI-ISL-418210_Africa_Senegal_G_20A_B.1_2020-03-10	2020.188524590164	2.275078153183943E-4	-2.98967635017808E-5
EPI-ISL-418213_Africa_Senegal_G_20A_B.1_2020-03-12	2020.1939890710382	2.5983521531839433E-4	-1.0014741861012321E-6
EPI-ISL-420074_Africa_Senegal_G_20A_B.1_2020-03-20	2020.2158469945355	2.2664711531839433E-4	-4.7918016924493366E-5
EPI-ISL-481237_Africa_Senegal_G_20A_B.1.416_2020-04-17	2020.292349726776	4.046155153183942E-4	8.200083349168917E-5
EPI-ISL-481239_Africa_Senegal_G_20A_B.1.416_2020-04-17	2020.292349726776	3.716697153183942E-4	4.905503349168913E-5
EPI-ISL-485708_Africa_Senegal_G_20A_B.1.416_2020-06-15	2020.4535519125684	5.39970215318394E-4	1.1610826829701847E-4
ABBOTT-SN-THI-20-1546_Africa_Senegal_G_20A_B.1.416_2020-08-05	2020.5928961748634	5.396982153183941E-4	2.831744584074012E-5
ABBOTT-SN-THI-20-1560_Africa_Senegal_G_20A_B.1.416_2020-08-05	2020.5928961748634	5.081963153183942E-4	-3.18445415925983E-6
ABBOTT-SN-THI-20-1569_Africa_Senegal_G_20A_B.1.416_2020-08-06	2020.5956284153006	5.40564415318394E-4	2.7467590498468793E-5
EPI-ISL-476572_Africa_Senegal_G_20A_B.1.416_2020-06-14	2020.450819672131	3.708006153183942E-4	-5.13452763604881E-5
ABBOTT-SN-THI-20-1461_Africa_Senegal_G_20A_B.1.416_2020-07-22	2020.5546448087432	5.058543153183941E-4	1.8498320632759856E-5
ABBOTT-SN-CTE-GUEREO-0501_Africa_Senegal_G_20A_B.1.416_2020-07-16	2020.5382513661202	5.395627153183941E-4	6.250305268638737E-5
ABBOTT-SN-THI-POP-5562_Africa_Senegal_G_20A_B.1_2020-07-17	2020.5409836065573	6.074081153183941E-4	1.286323973441161E-4
ABBOTT-SN-THI-POP-4926_Africa_Senegal_G_20A_B.1.416_2020-07-10	2020.5218579234972	3.707999153183942E-4	-9.596341525998494E-5
ABBOTT-SN-TH-TIV-0558_Africa_Senegal_G_20A_B.1.416_2020-06-18	2020.4617486338798	4.385042153183942E-4	9.494102270204811E-6
ABBOTT-SN-MBO-20-1254_Africa_Senegal_G_20A_B.1.416_2020-07-24	2020.5601092896175	5.046982153183941E-4	1.3910109948217313E-5
ABBOTT-SN-TH-TIV-0895_Africa_Senegal_G_20A_B.1.416_2020-07-01	2020.4972677595629	6.74428315318394E-4	2.2310948282067828E-4
ABBOTT-SN-THI-20-1463_Africa_Senegal_G_20A_B.1.416_2020-07-22	2020.5546448087432	5.394260153183941E-4	5.2070020632759804E-5
ABBOTT-SN-THI-20-1539_Africa_Senegal_G_20A_B.1.416_2020-08-04	2020.5901639344263	4.028987153183942E-4	-1.0676599881698852E-4
EPI-ISL-485713_Africa_Senegal_G_20A_B.1.416_2020-06-14	2020.450819672131	3.6993881531839417E-4	-5.2207076360488106E-5
ABBOTT-SN-MBO-20-1213_Africa_Senegal_G_20A_B.1.416_2020-07-20	2020.549180327869	4.7135921531839416E-4	-1.2564668682919647E-5
ABBOTT-SN-TH-TIV-1146_Africa_Senegal_G_20A_B.1.416_2020-08-05	2020.5928961748634	4.699707153183942E-4	-4.1410054159259785E-5
ABBOTT-SN-TH-TIV-1165_Africa_Senegal_G_20A_B.1.416_2020-08-07	2020.5983606557377	4.3612931531839417E-4	-7.868356484380234E-5
ABBOTT-SN-TH-TIV-0555_Africa_Senegal_G_20A_B.1.416_2020-06-18	2020.4617486338798	3.358589153183942E-4	-9.315119772979519E-5
EPI-ISL-486860_Africa_Senegal_G_20A_B.1.416_2020-04-25	2020.3142076502731	3.341361153183942E-4	-2.207009246480915E-6
EPI-ISL-476564_Africa_Senegal_G_20A_B.1.416_2020-06-13	2020.448087431694	4.3440071531839424E-4	1.3970878981783223E-5
ABBOTT-SN-TH-TIV-1178_Africa_Senegal_G_20A_B.1.416_2020-08-07	2020.5983606557377	4.344272153183942E-4	-8.038566484380228E-5
EPI-ISL-485635_Africa_Senegal_G_20A_B.1.416_2020-06-18	2020.4617486338798	4.674465153183942E-4	3.8436402270204814E-5
ABBOTT-SN-MBO-20-1196_Africa_Senegal_G_20A_B.1.416_2020-08-10	2020.6065573770493	4.349372153183942E-4	-8.502383087061611E-5
ABBOTT-SN-MBO-20-1217_Africa_Senegal_G_20A_B.1.416_2020-07-20	2020.549180327869	5.355331153183941E-4	5.160923131708028E-5
ABBOTT-SN-THI-POP-5576_Africa_Senegal_G_20A_B.1.416_2020-07-20	2020.549180327869	5.355192153183941E-4	5.159533131708031E-5
ABBOTT-SN-MBO-20-1267_Africa_Senegal_G_20A_B.1.416_2020-07-25	2020.5628415300546	5.685449153183939E-4	7.604075460594586E-5
ABBOTT-SN-THI-20-1558_Africa_Senegal_G_20A_B.1.416_2020-08-05	2020.5928961748634	5.343269153183941E-4	2.2946145840740126E-5
ABBOTT-SN-MBO-20-1221_Africa_Senegal_G_20A_B.1.416_2020-07-20	2020.549180327869	3.682211153183942E-4	-1.1570276868291959E-4
ABBOTT-SN-MBO-20-1238_Africa_Senegal_G_20A_B.1.416_2020-07-22	2020.5546448087432	3.690825153183942E-4	-1.1827347936724009E-4
ABBOTT-SN-MBO-20-1256_Africa_Senegal_G_20A_B.1.416_2020-08-07	2020.5983606557377	4.352551153183942E-4	-7.955776484380229E-5
ABBOTT-SN-THI-20-1540_Africa_Senegal_G_20A_B.1.416_2020-08-04	2020.5901639344263	5.339830153183941E-4	2.4318301183011426E-5
ABBOTT-SN-THI-20-1541_Africa_Senegal_G_20A_B.1.416_2020-08-24	2020.6448087431695	5.339830153183941E-4	-1.0002805662635839E-5
ABBOTT-THI-KHO-0369_Africa_Senegal_G_20A_B.1.416_2020-07-29	2020.5737704918033	5.331405153183941E-4	3.37721332366389E-5
ABBOTT-SN-CHRT-0161_Africa_Senegal_G_20A_B.1.416_2020-08-17	2020.6256830601094	3.660609153183942E-4	-1.6591251826673697E-4
EPI-ISL-476494_Africa_Senegal_G_20A_B.1.416_2020-06-11	2020.4426229508197	3.655521153183942E-4	-5.1445610333674286E-5
EPI-ISL-476514_Africa_Senegal_G_20A_B.1.416_2020-06-12	2020.4453551912568	3.994325153183942E-4	-1.9281265675945552E-5
ABBOTT-SN-CHRT-0156_Africa_Senegal_G_20A_B.1.416_2020-07-16	2020.5382513661202	5.006750153183941E-4	2.3615352686387416E-5
ABBOTT-SN-THI-POP-4928_Africa_Senegal_G_20A_B.1.416_2020-07-10	2020.5218579234972	3.656273153183942E-4	-1.0113601525998494E-4
ABBOTT-SN-TH-TIV-0991_Africa_Senegal_G_20A_B.1.416_2020-07-10	2020.5218579234972	3.979938153183942E-4	-6.876951525998495E-5
EPI-ISL-498243_Africa_Senegal_G_20A_B.1.416_2020-06-07	2020.431693989071	3.992800153183942E-4	-1.0853488964589263E-5
ABBOTT-THI-JOA-0159_Africa_Senegal_G_20A_B.1.416_2020-08-08	2020.6010928961748	4.6661001531839413E-4	-4.991892018607364E-5
ABBOTT-SN-CHRT-0132_Africa_Senegal_G_20A_B.1.416_2020-07-16	2020.5382513661202	4.666367153183941E-4	-1.0422947313612593E-5
ABBOTT-SN-THI-POP-5612_Africa_Senegal_G_20A_B.1.416_2020-08-03	2020.5874316939892	4.329282153183942E-4	-7.502044347471726E-5
ABBOTT-SN-IR4-000994_Africa_Senegal_G_20A_B.1_2021-01-04	2021.0082191780823	2.9833861531839426E-4	-4.73896670750451E-4
ABBOTT-SN-THI-20-1440_Africa_Senegal_G_20A_B.1.416_2020-07-22	2020.5546448087432	5.156603153183941E-4	2.8304320632759864E-5
ABBOTT-SN-THI-20-1373_Africa_Senegal_G_20A_B.1.416_2020-07-10	2020.5218579234972	3.653619153183942E-4	-1.0140141525998497E-4
ABBOTT-SN-THI-20-1456_Africa_Senegal_G_20A_B.1.416_2020-07-22	2020.5546448087432	3.985720153183942E-4	-8.878397936724008E-5
ABBOTT-SN-THI-20-1469_Africa_Senegal_G_20A_B.1.416_2020-07-24	2020.5601092896175	3.985720153183942E-4	-9.22160900517826E-5
ABBOTT-SN-THI-20-1563_Africa_Senegal_G_20A_B.1.416_2020-08-07	2020.5983606557377	6.374487153183942E-4	1.2263583515619773E-4
ABBOTT-SN-CTE-GUEREO-0476_Africa_Senegal_G_20A_B.1.416_2020-07-12	2020.5273224043715	3.9454861531839416E-4	-7.564682594452752E-5
ABBOTT-SN-TH-TIV-0890_Africa_Senegal_G_20A_B.1.416_2020-07-01	2020.4972677595629	4.675178153183941E-4	1.619898282067834E-5
ABBOTT-SN-MBO-20-1142_Africa_Senegal_G_20A_B.1.416_2020-07-09	2020.51912568306	4.290401153183942E-4	-3.6007159917713684E-5
ABBOTT-SN-THI-POP-3099_Africa_Senegal_G_20A_B.1.416_2020-06-26	2020.483606557377	4.3008151531839415E-4	-1.2657040467965307E-5
ABBOTT-SN-MBO-20-1194_Africa_Senegal_G_20A_B.1_2020-07-16	2020.5382513661202	2.9498271531839426E-4	-1.8207694731361246E-4
ABBOTT-SN-TH-CTE-BM-0391_Africa_Senegal_G_20A_B.1_2020-07-20	2020.549180327869	4.636782153183941E-4	-2.0245668682919698E-5
EPI-ISL-476492_Africa_Senegal_G_20A_B.1.416_2020-06-10	2020.4398907103825	3.618720153183942E-4	-5.3409654991625095E-5
ABBOTT-SN-MBO-20-1357_Africa_Senegal_G_20A_B.1.416_2020-08-16	2020.622950819672	4.2938121531839414E-4	-1.0087616292424372E-4
EPI-ISL-1167145_Africa_Senegal_O_20A_B.1_2020-12-30	2020.9945355191257	5.976301153183944E-4	-1.6601078947468925E-4
EPI-ISL-1167160_Africa_Senegal_O_20A_B.1_2021-01-25	2021.0657534246575	5.976055153183944E-4	-2.107656648894287E-4
ABBOTT-SN-MBO-20-1747_Africa_Senegal_G_20A_B.1.416_2021-01-15	2021.0383561643835	9.037873153183945E-4	1.1262370374811649E-4
ABBOTT-SN-IR1-0018357_Africa_Senegal_G_20A_B.1.416_2021-01-16	2021.041095890411	0.0013168448153183935	5.239604468842277E-4
ABBOTT-SN-THI-21-047_Africa_Senegal_G_20A_B.1.416_2021-01-15	2021.0383561643835	0.0014209416153183937	6.297780037481156E-4
ABBOTT-SN-DKi12-005_Africa_Senegal_G_20A_B.1.416_2020-12-25	2020.98087431694	6.649260153183944E-4	-9.013461276311094E-5
ABBOTT-SN-THI-20-1510_Africa_Senegal_G_20A_B.1.416_2020-07-29	2020.5737704918033	4.963208153183941E-4	-3.047566763361015E-6
ABBOTT-SN-THI-20-1450_Africa_Senegal_G_20A_B.1.416_2020-07-22	2020.5546448087432	4.625787153183941E-4	-2.4777279367240194E-5
ABBOTT-THI-KHO-0333_Africa_Senegal_O_20A_B.1.416_2020-07-13	2020.5300546448088	9.431912153183945E-4	4.712797187132016E-4
ABBOTT-SN-THI-20-1504_Africa_Senegal_G_20A_B.1.416_2020-07-28	2020.5710382513662	4.967697153183941E-4	-8.826114210897656E-7
EPI-ISL-1167171_Africa_Senegal_O_20A_B.1.416_2021-02-02	2021.0876712328768	4.625666153183941E-4	-3.5957061979964263E-4
EPI-ISL-1167176_Africa_Senegal_O_20A_B.1_2021-01-12	2021.0301369863014	5.977953153183944E-4	-1.8820602566066457E-4
ABBOTT-SN-CHRT-0500_Africa_Senegal_G_20A_B.1.416_2020-12-24	2020.9781420765028	7.427571153183945E-4	-1.058745742083954E-5
ABBOTT-SN-THI-21-024_Africa_Senegal_G_20A_B.1.416_2021-01-14	2021.035616438356	8.788205153183947E-4	8.937766061200441E-5
ABBOTT-SN-THI-21-036_Africa_Senegal_G_20A_B.1.416_2021-01-15	2021.0383561643835	7.775273153183944E-4	-1.3636296251883623E-5
ABBOTT-SN-THI-MEK-0547_Africa_Senegal_G_20A_B.1.416_2021-01-14	2021.035616438356	8.110670153183947E-4	2.1624160612004418E-5
ABBOTT-SN-DKi12-002_Africa_Senegal_O_20A_B.1_2020-12-25	2020.98087431694	0.0014666292153183936	7.115685872368883E-4
ABBOTT-SN-MBO-20-1743_Africa_Senegal_G_20A_B.1.416_2021-01-14	2021.035616438356	7.768983153183945E-4	-1.2544539387995823E-5
EPI-ISL-1167158_Africa_Senegal_O_20A_B.1.1_2021-01-23	2021.0602739726028	4.968693153183942E-4	-3.0806035116209753E-4
ABBOTT-SN-MBO-20-1263_Africa_Senegal_G_20A_B.1.416_2020-08-24	2020.6448087431695	4.3028661531839416E-4	-1.1369920566263583E-4
ABBOTT-THI-KHO-0315_Africa_Senegal_G_20A_B.1.416_2020-07-09	2020.51912568306	3.6036231531839415E-4	-1.0468495991771375E-4
ABBOTT-SN-MBO-20-1344_Africa_Senegal_G_20A_B.1_2020-08-07	2020.5983606557377	2.796033153183943E-4	-2.3520956484380221E-4
EPI-ISL-498242_Africa_Senegal_G_20A_B.1_2020-06-07	2020.431693989071	3.942047153183942E-4	-1.5928788964589258E-5
ABBOTT-SN-CTE-GUEREO-0502_Africa_Senegal_G_20A_B.1.610_2020-06-06	2020.4289617486338	2.9412381531839426E-4	-1.1429363362231793E-4
ABBOTT-SN-MBO-20-1360_Africa_Senegal_G_20A_B.1.221_2020-08-09	2020.603825136612	4.605801153183941E-4	-5.766487552834494E-5
ABBOTT-SN-MBO-20-1129_Africa_Senegal_G_20A_B.1_2020-07-19	2020.5464480874316	4.670403153183941E-4	-1.5167513340426386E-5
ABBOTT-SN-MBO-20-1347_Africa_Senegal_G_20A_B.1_2020-08-07	2020.5983606557377	2.600213153183943E-4	-2.547915648438022E-4
ABBOTT-SN-IR5-002060_Africa_Senegal_GV_20E.EU1_B.1.177_2020-12-30	2020.9945355191257	6.314754153183944E-4	-1.3216548947468925E-4
EPI-ISL-420070_Africa_Senegal_G_20A_B.1_2020-03-17	2020.207650273224	2.955902153183943E-4	2.6173249102320363E-5
ABBOTT-SN-IR6-002288_Africa_Senegal_G_20A_B.1_2020-12-30	2020.9945355191257	7.340536153183947E-4	-2.9587289474688984E-5
EPI-ISL-480554_Africa_Senegal_G_20A_B.1_2020-03-21	2020.2185792349726	3.2878941531839427E-4	5.250822773323531E-5
EPI-ISL-481236_Africa_Senegal_G_20A_B.1_2020-04-18	2020.295081967213	3.2878731531839426E-4	4.456578149417947E-6
ABBOTT-THI-KHO-0300_Africa_Senegal_G_20A_B.1_2020-07-04	2020.5054644808743	4.356594153183941E-4	-2.0807583206135423E-5
EPI-ISL-486871_Africa_Senegal_G_20A_B.1_2020-04-21	2020.3032786885246	2.2750571531839433E-4	-1.0197318787739576E-4
EPI-ISL-480783_Africa_Senegal_G_20A_B.1_2020-03-31	2020.2459016393443	2.598299153183943E-4	-3.3611825689477254E-5
EPI-ISL-498230_Africa_Senegal_G_20A_B.1_2020-04-21	2020.3032786885246	3.2835841531839426E-4	-1.1204878773958342E-6
ABBOTT-SN-IR3-000682_Africa_Senegal_G_20A_B.1.214.3_2021-01-16	2021.041095890411	9.719104153183946E-4	1.790260468842288E-4
EPI-ISL-481243_Africa_Senegal_G_20A_B.1_2020-04-18	2020.295081967213	3.6032051531839415E-4	3.598977814941784E-5
EPI-ISL-486873_Africa_Senegal_G_20A_B.1_2020-04-20	2020.3005464480875	2.589662153183943E-4	-6.879663253512452E-5
EPI-ISL-485715_Africa_Senegal_G_20A_B.1_2020-06-12	2020.4453551912568	3.585741153183941E-4	-6.013966567594564E-5
EPI-ISL-1167180_Africa_Senegal_O_19A_B.1_2021-01-30	2021.0794520547945	1.909011153183943E-4	-6.260738492084233E-4
EPI-ISL-1167144_Africa_Senegal_L_19A_B_2021-01-27	2021.0712328767124	1.236387153183943E-4	-6.881739786172042E-4
